{
    "legacy_addon_id": "",
    "title": "[cv6] - Core Library",
    "description": "",
    "version_id": 1010070,
    "version_string": "1.1.0",
    "dev": "Hoffi",
    "dev_url": "https://xenforo.com/community/members/hoffi.214/",
    "faq_url": "",
    "support_url": "",
    "extra_urls": [],
    "require": {
        "XF": [
            2020010,
            "XenForo 2.2.0+"
        ],
        "php": [
            "7.2.0",
            "PHP 7.2.0+"
        ]
    },
    "icon": "logo-cv6.png"
}