<?xml version="1.0" encoding="utf-8"?>
<phrases>
  <phrase title="cv6_fa_animation" version_id="1000070" version_string="1.0.0"><![CDATA[Animation]]></phrase>
  <phrase title="cv6_fa_fa_flip_horizontal" version_id="1000070" version_string="1.0.0"><![CDATA[Flip horizontal]]></phrase>
  <phrase title="cv6_fa_fa_flip_vertical" version_id="1000070" version_string="1.0.0"><![CDATA[Flip vertical]]></phrase>
  <phrase title="cv6_fa_fa_pulse" version_id="1000070" version_string="1.0.0"><![CDATA[Pulse]]></phrase>
  <phrase title="cv6_fa_fa_rotate_180" version_id="1000070" version_string="1.0.0"><![CDATA[180°]]></phrase>
  <phrase title="cv6_fa_fa_rotate_270" version_id="1000070" version_string="1.0.0"><![CDATA[270°]]></phrase>
  <phrase title="cv6_fa_fa_rotate_90" version_id="1000070" version_string="1.0.0"><![CDATA[90°]]></phrase>
  <phrase title="cv6_fa_fa_spin" version_id="1000070" version_string="1.0.0"><![CDATA[Spinning]]></phrase>
  <phrase title="cv6_fa_fab" version_id="1000070" version_string="1.0.0"><![CDATA[Brand Icons]]></phrase>
  <phrase title="cv6_fa_fad" version_id="1000070" version_string="1.0.0"><![CDATA[Duotone]]></phrase>
  <phrase title="cv6_fa_fal" version_id="1000070" version_string="1.0.0"><![CDATA[Light]]></phrase>
  <phrase title="cv6_fa_far" version_id="1000070" version_string="1.0.0"><![CDATA[Regular]]></phrase>
  <phrase title="cv6_fa_fas" version_id="1000070" version_string="1.0.0"><![CDATA[Solid]]></phrase>
  <phrase title="cv6_fa_format" version_id="1000070" version_string="1.0.0"><![CDATA[Layout]]></phrase>
  <phrase title="cv6_fa_rotation" version_id="1000070" version_string="1.0.0"><![CDATA[Rotation]]></phrase>
  <phrase title="cv6_fa_solid" version_id="1000070" version_string="1.0.0"><![CDATA[Solid]]></phrase>
  <phrase title="cv6_fa_style" version_id="1000070" version_string="1.0.0"><![CDATA[Style]]></phrase>
  <phrase title="cv6_icon_style_based" version_id="1000070" version_string="1.0.0"><![CDATA[None (Style based)]]></phrase>
  <phrase title="option.cv6CoreFaAnimation" version_id="1000070" version_string="1.0.0"><![CDATA[Icon animation]]></phrase>
  <phrase title="option.cv6CoreFaRotation" version_id="1000070" version_string="1.0.0"><![CDATA[Icon rotation]]></phrase>
  <phrase title="option.cv6CoreFaStyle" version_id="1000070" version_string="1.0.0"><![CDATA[Icon styles]]></phrase>
  <phrase title="option.cv6CoreImageSample" version_id="1000070" version_string="1.0.0"><![CDATA[Asset Upload]]></phrase>
  <phrase title="option.cv6IconSample" version_id="1000070" version_string="1.0.0"><![CDATA[FA icon]]></phrase>
  <phrase title="option.cv6ShowIconHelper" version_id="1000070" version_string="1.0.0"><![CDATA[Display FA Icon helper]]></phrase>
  <phrase title="option_explain.cv6CoreFaAnimation" version_id="1000070" version_string="1.0.0"><![CDATA[Used to identify the allowed animations for Font Awesome Icons]]></phrase>
  <phrase title="option_explain.cv6CoreFaRotation" version_id="1000070" version_string="1.0.0"><![CDATA[Used to identify the allowed rotations for Font Awesome Icons]]></phrase>
  <phrase title="option_explain.cv6CoreFaStyle" version_id="1000070" version_string="1.0.0"><![CDATA[Used to identify the allowed styles for Font Awesome Icons]]></phrase>
  <phrase title="option_explain.cv6CoreImageSample" version_id="1000070" version_string="1.0.0"><![CDATA[just a sample]]></phrase>
  <phrase title="option_explain.cv6IconSample" version_id="1000070" version_string="1.0.0"><![CDATA[at the end only a sample]]></phrase>
  <phrase title="option_explain.cv6ShowIconHelper" version_id="1000070" version_string="1.0.0"><![CDATA[Enable to activate the FA Helper menu inside cv6 AddOns.]]></phrase>
  <phrase title="option_group.cv6Core" version_id="1000070" version_string="1.0.0"><![CDATA[[cv6] Core]]></phrase>
  <phrase title="option_group_description.cv6Core" version_id="1000070" version_string="1.0.0"><![CDATA[a few basic settings]]></phrase>
  <phrase title="style_prop.cv6DefaultOpacity" version_id="1000070" version_string="1.0.0"><![CDATA[Default opacity]]></phrase>
  <phrase title="style_prop_desc.cv6DefaultOpacity" version_id="1000070" version_string="1.0.0"><![CDATA[when used opacy for less seen items, I alwas use this to have a smoother look.<br />
Set to 100 to have no opacity.]]></phrase>
  <phrase title="style_prop_group.cv6Core" version_id="1000070" version_string="1.0.0"><![CDATA[[cv6] Core Settings]]></phrase>
  <phrase title="style_prop_group_desc.cv6Core" version_id="1000070" version_string="1.0.0"><![CDATA[Some Settings that relates to more than one add-on]]></phrase>
</phrases>
