<?xml version="1.0" encoding="utf-8"?>
<template_modifications>
  <modification type="admin" template="bb_code_edit" modification_key="cv6_core_bbce_add_fa" description="Adds FA Icon functionality" execution_order="10" enabled="1" action="str_replace">
    <find><![CDATA[					<xf:textbox name="editor_icon_fa"
						readonly="{{ !$bbCode.canEdit() }}"
						value="{{ $bbCode.editor_icon_type == 'fa' ? $bbCode.editor_icon_value : '' }}"
						maxlength="{{ max_length($bbCode, 'editor_icon_value') }}"
						dir="ltr" />]]></find>
    <replace><![CDATA[$0
<xf:macro name="cv6_fa_icon::cv6_inputIcon"
	arg-target="bbcode-icon"
	arg-name="editor_icon_fa" 
	arg-readonly="{{ !$bbCode.canEdit() }}"
	arg-stylechooser="{false}"
	arg-maxlength="{{ max_length($bbCode, 'editor_icon_value') }}"
	arg-value="{{ $bbCode.editor_icon_type == 'fa' ? $bbCode.editor_icon_value : '' }}" 
/>]]></replace>
  </modification>
  <modification type="admin" template="option_group_edit" modification_key="cv6_core_oge_add_fa" description="adds icon to options group" execution_order="10" enabled="1" action="str_replace">
    <find><![CDATA[<xf:textboxrow name="icon" value="{$group.icon}"
				label="{{ phrase('icon') }}" />]]></find>
    <replace><![CDATA[<xf:macro name="cv6_fa_icon::cv6_inputIcon"
				arg-name="icon" 
				arg-value="{$group.icon}"
				arg-label="{{ phrase('icon') }}"
		  		arg-target="option-group"
			/>]]></replace>
  </modification>
  <modification type="public" template="setup_fa.less" modification_key="cv6_core_add_fa_function" description="adds fa function" execution_order="10" enabled="1" action="str_replace">
    <find><![CDATA[{{ include('setup_fa4_variables.less') }}]]></find>
    <replace><![CDATA[$0
{{ include('cv6_fa.less') }}]]></replace>
  </modification>
</template_modifications>
