{
    "js/cv6/core/asset.js": "0c578d71a6d9a9c72fec4b2c76b91ae69964e5b281334e460aba192b0125fdd7",
    "js/cv6/core/asset.min.js": "5c79851d0a0b3c87d1df08e2e73b06f159a312d0f2f7790d780311d9d15ad013",
    "js/cv6/core/icon.js": "d3b1302a0ca787e3e70a26bb97ffb359d00804f910beeefcdc478707473b1725",
    "js/cv6/core/icon.min.js": "3a8b81321464095bf272b9e48a57863074d999314333b683690fa5696bb70bfa",
    "src/addons/cv6/Core/addon.json": "9bc161f3b2dd5f96107526210efeb22b9cf212e2ad80b734ec466be426468e79",
    "src/addons/cv6/Core/Entity/IndexTrait.php": "462ca104456b72fec83c7cf6d14720b877f8cfc9a36438c91958cd78b6befb59",
    "src/addons/cv6/Core/logo-cv6.png": "1a48efaa66c2fb8ce12fd00a7516a295e9518fed73157fad56905ab35c4d5691",
    "src/addons/cv6/Core/temp.php": "44dbd97fcc5ce9064fe41daacec3a8233c3f3b270d3e9d0d053853ad0befc644",
    "src/addons/cv6/Core/_data/activity_summary_definitions.xml": "99d8c2563a31320d66f958fc8bda78613545f5f7959bb3cf5318805e3a3c39d2",
    "src/addons/cv6/Core/_data/admin_navigation.xml": "064ec797484ac00d5ee37367b50b06846d11f480d00550997712707f8fdac8c0",
    "src/addons/cv6/Core/_data/admin_permission.xml": "ec6fb97cebf0bceb24f1ed1d5778c1db54eeb7535fbb3e31d824840e7aa9ff87",
    "src/addons/cv6/Core/_data/advertising_positions.xml": "d2f7cbe844bb1df3cf878d22ff6306249245c8ff6b0b87b9b729744bec538261",
    "src/addons/cv6/Core/_data/api_scopes.xml": "6793eaf758f140e8137187ba20e65f4faccf53410433ae3ad7a8b3b38cb6b3b7",
    "src/addons/cv6/Core/_data/bb_codes.xml": "faa4ddd5f4a365e5ac39aebdcbe2d25aedf74e7eb9ea4a812766e2fd5e13bdb1",
    "src/addons/cv6/Core/_data/bb_code_media_sites.xml": "29762987990187b33e43cfb68c08dc917b2d3f0176613d78f8e6c453f82da3f3",
    "src/addons/cv6/Core/_data/class_extensions.xml": "1f548b8006e9952a3f5889f71e09fdfa6726ac1a47c1af7b2626d1a88920d5a4",
    "src/addons/cv6/Core/_data/code_events.xml": "8370dec3df47f91df4cf79da253446ad11b29f4ea568fe76c774e97a0379f0eb",
    "src/addons/cv6/Core/_data/code_event_listeners.xml": "d6b5072f4909dee7a20ee9e44b163f95c8aa52e6ac7f573e292000cd9238c331",
    "src/addons/cv6/Core/_data/content_type_fields.xml": "c7ad5472b28f465b7ac7617627707eba1b7a39d28089460d52e1ed292fc0b06a",
    "src/addons/cv6/Core/_data/cron.xml": "323c4284742ef24329cd6db6f288eb9736d2353f36852e1db12591e1583aea26",
    "src/addons/cv6/Core/_data/help_pages.xml": "a8a0c0b06cdc550438bc8a8d385af3e1e5ab3459877dfb934c1c31be59c89163",
    "src/addons/cv6/Core/_data/member_stats.xml": "89fb2b93ff1eca7a1f6f752248edf6090dfd24037db1446fd18ff7143f08124d",
    "src/addons/cv6/Core/_data/navigation.xml": "f75e1c03a45a360bbdfcd0567121665082315068475d5b0feb8b1acbb1688651",
    "src/addons/cv6/Core/_data/options.xml": "da8f9b375243dfe803ac65ae75bcc4af275e3f29cfe43de78bcbab022c9508be",
    "src/addons/cv6/Core/_data/option_groups.xml": "a52ca03f14761ddd5181c0887459d19fa72c4b21e7a6e625419839846d769871",
    "src/addons/cv6/Core/_data/param_definitions.xml": "f371ab509fff77de395c064389bba6cdc5853d35aa0397364c51ce069eb0d1ef",
    "src/addons/cv6/Core/_data/permissions.xml": "7e4fc7d5826733d15ea2d8936b9bdd41afcaad810eb38e50da3c8d8eafda1550",
    "src/addons/cv6/Core/_data/permission_interface_groups.xml": "3177224e96458b829aa7fb24866dda9e0455a4922aee3d669b53f59a1ffdf5d1",
    "src/addons/cv6/Core/_data/phrases.xml": "97cb19bdb11c427bad136c6e0f6716deeb8c5873afd30ef33df1bd437fdfe97e",
    "src/addons/cv6/Core/_data/routes.xml": "550fa64f9feedf137dd877b38c2684f94474619d2d83890dbb717a91b50da8f5",
    "src/addons/cv6/Core/_data/style_properties.xml": "77f8e53dbb050a89496d052ec199771745f70a1745b5a6fd82bb8531813b0578",
    "src/addons/cv6/Core/_data/style_property_groups.xml": "4aec0d285a9d53435fddbce188ed7e079b5e33bdbf3e7af71d96407ae350862a",
    "src/addons/cv6/Core/_data/templates.xml": "6e4fbefcdaa5c9d635d8ec89cc5ddfec6ee25500d48dcce7945c09efc88c5f80",
    "src/addons/cv6/Core/_data/template_modifications.xml": "ffd5ceb93d6fa81e06aaa2d8a591ce341973560cfc773d6e0bac7c94320e5e34",
    "src/addons/cv6/Core/_data/widget_definitions.xml": "37e46965256430f24004c2e7f08ba08f9b0d1cbcc4d70e84b3f4e3ffb713e64b",
    "src/addons/cv6/Core/_data/widget_positions.xml": "a29cee66134f6bc5d75ed9df1eef21096c24401915c5b5c774389c3d7bb2d5b3"
}