<?xml version="1.0" encoding="utf-8"?>
<style_properties>
  <style_property property_name="cv6DefaultOpacity" group_name="cv6Core" title="Default opacity" description="when used opacy for less seen items, I alwas use this to have a smoother look.&lt;br /&gt;&#10;Set to 100 to have no opacity." property_type="value" value_type="number" display_order="1">
    <value_parameters>min=0
max=100</value_parameters>
    <value>"40"</value>
  </style_property>
  <style_property property_name="cv6IndexTabBasic" group_name="cv6Indexable" title="Basic Tab styling" description="This defines the basic style for the letter tabs. The Seetings above modifies this for the special states.&#10;This is &quot;inactive&quot; state." property_type="css" display_order="0" css_components="text,background,border,border_radius,padding,extra">
    <value>{
    "color": "@xf-textColorDimmed",
    "text-decoration": "none",
    "background-color": "mix(@xf-contentHighlightBg, @xf-blockTabHeaderBg, 50%)",
    "border-width": "@xf-borderSize",
    "border-color": "@xf-borderColor",
    "border-top-right-radius": "15px",
    "padding": "@xf-paddingSmall",
    "extra": "text-align: center;"
}</value>
  </style_property>
  <style_property property_name="cv6IndexTabBgActive" group_name="cv6Indexable" title="active/hover tab background color" property_type="value" value_type="color" display_order="30">
    <value>"mix(@xf-contentHighlightBg, @xf-contentBg, 50%)"</value>
  </style_property>
  <style_property property_name="cv6IndexTabBgNoResult" group_name="cv6Indexable" title="no result tab background color" property_type="value" value_type="color" display_order="20">
    <value>"mix(@xf-contentHighlightBg, @xf-blockTabHeaderBg, 80%)"</value>
  </style_property>
  <style_property property_name="cv6IndexTabSize" group_name="cv6Indexable" title="Tab Size" property_type="value" value_type="unit" display_order="110">
    <value>"26px"</value>
  </style_property>
  <style_property property_name="cv6IndexTabTextActive" group_name="cv6Indexable" title="active tab text color" property_type="value" value_type="color" display_order="35">
    <value>"@xf-linkColor"</value>
  </style_property>
  <style_property property_name="cv6IndexTabTextHover" group_name="cv6Indexable" title="hover tab text color" property_type="value" value_type="color" display_order="45">
    <value>"@xf-linkHoverColor"</value>
  </style_property>
  <style_property property_name="cv6IndexTabTextInactive" group_name="cv6Indexable" title="Inactive tab text color" property_type="value" value_type="color" display_order="15">
    <value>"@xf-textColorDimmed"</value>
  </style_property>
  <style_property property_name="cv6IndexTabTextNoResult" group_name="cv6Indexable" title="no result tab text color" property_type="value" value_type="color" display_order="25">
    <value>"@xf-textColorMuted"</value>
  </style_property>
</style_properties>
